Disease,Symptoms,Precautions,Medicines,Prescriptions,Diet Plan,Food Restrictions
Type 2 Diabetes,"Increased thirst; Frequent urination; Increased hunger; Unexplained weight loss; Fatigue:contentReference[oaicite:0]{index=0}","Lose weight (5–7% body weight):contentReference[oaicite:1]{index=1}; Exercise regularly (≥150 min/week):contentReference[oaicite:2]{index=2}; Eat healthy (fruits, vegetables, whole grains, low fat):contentReference[oaicite:3]{index=3}; Drink water instead of sugary drinks:contentReference[oaicite:4]{index=4}; Avoid smoking","Metformin; Sitagliptin; Liraglutide; Glyburide; Empagliflozin","Metformin 500 mg oral twice daily for 12 weeks:contentReference[oaicite:5]{index=5}; Sitagliptin 100 mg oral once daily for 8 weeks:contentReference[oaicite:6]{index=6}; Liraglutide 0.6 mg SC daily ×1 wk then 1.2 mg SC daily for 7 wk:contentReference[oaicite:7]{index=7}; Glyburide 5 mg oral once daily for 8 weeks:contentReference[oaicite:8]{index=8}; Empagliflozin 10 mg oral once daily for 12 weeks:contentReference[oaicite:9]{index=9}","High-fiber foods (whole grains, vegetables):contentReference[oaicite:10]{index=10}; Leafy greens; Lean proteins (fish, chicken); Low-fat dairy; Nuts and legumes","Sugary beverages; Trans fats (fried foods); Excess sodium; High refined carbs; Excess alcohol"
Hypertension,"Often asymptomatic; Headaches; Shortness of breath; Nosebleeds:contentReference[oaicite:11]{index=11}; Fatigue","Lose weight (if overweight):contentReference[oaicite:12]{index=12}; Exercise regularly (e.g. 30 min daily):contentReference[oaicite:13]{index=13}; Eat healthy (fruits, vegetables, low-fat dairy):contentReference[oaicite:14]{index=14}; Reduce sodium intake:contentReference[oaicite:15]{index=15}; Quit smoking:contentReference[oaicite:16]{index=16}","Hydrochlorothiazide; Atenolol; Lisinopril; Losartan; Amlodipine","Hydrochlorothiazide 25 mg oral once daily for 8 weeks:contentReference[oaicite:17]{index=17}; Atenolol 50 mg oral once daily for 8 weeks:contentReference[oaicite:18]{index=18}; Lisinopril 10 mg oral once daily for 8 weeks:contentReference[oaicite:19]{index=19}; Losartan 50 mg oral once daily for 8 weeks:contentReference[oaicite:20]{index=20}; Amlodipine 5 mg oral once daily for 8 weeks:contentReference[oaicite:21]{index=21}","DASH diet (fruits, vegetables, whole grains):contentReference[oaicite:22]{index=22}; Leafy greens; Berries; Oats; Nuts","High-salt foods; Processed meats; Saturated fats (red meat, butter); Sugary drinks; Excess alcohol:contentReference[oaicite:23]{index=23}"
Coronary Artery Disease,"Chest pain/angina; Shortness of breath; Fatigue; Palpitations; Heart attack (if acute)","Quit smoking; Healthy diet (low saturated fat):contentReference[oaicite:24]{index=24}; Regular exercise:contentReference[oaicite:25]{index=25}; Control cholesterol and blood pressure; Manage diabetes","Aspirin; Atorvastatin; Metoprolol; Lisinopril; Nitroglycerin","Aspirin 81 mg oral once daily; Atorvastatin 20 mg oral once daily for 12 weeks:contentReference[oaicite:26]{index=26}; Metoprolol 50 mg oral twice daily for 8 weeks:contentReference[oaicite:27]{index=27}; Lisinopril 10 mg oral once daily for 8 weeks:contentReference[oaicite:28]{index=28}; Nitroglycerin 0.4 mg sublingual as needed for chest pain:contentReference[oaicite:29]{index=29}","""Mediterranean diet (olive oil, fish, vegetables); Fatty fish (omega-3); Leafy greens; Whole grains; Nuts and seeds""","""Saturated fats (butter, fried foods); Trans fats; High-cholesterol foods (organ meats); Excess sodium; Sugary foods"""
Asthma,"Wheezing (esp. with exertion); Chronic cough; Shortness of breath; Chest tightness; Symptoms worse at night or early morning:contentReference[oaicite:30]{index=30}","Avoid triggers (allergens, smoke, pollutants); Use inhalers regularly; Vaccinate (flu, pneumonia); Exercise with care; Maintain healthy weight","Albuterol; Fluticasone; Montelukast; Ipratropium; Cetirizine","Albuterol 2 puffs inhaled every 4–6 hr PRN; Fluticasone 110 mcg inhalation 2 puffs BID for 8 weeks:contentReference[oaicite:31]{index=31}; Montelukast 10 mg oral once daily at bedtime; Ipratropium 2 puffs inhaled QID as needed; Prednisone 40 mg oral daily for 5 days (exacerbation)","""Antioxidant-rich foods (fruits, vegetables); Omega-3 sources (fatty fish, flaxseed); Vitamin D-rich foods; Lean proteins; Hydration""","Avoid sulfites (wine, dried fruits):contentReference[oaicite:32]{index=32}; Dairy (if triggers mucus); Fried foods; High-histamine foods (aged cheese); Excess caffeine"
COPD,"Chronic productive cough; Shortness of breath (esp. on exertion); Wheezing; Chest tightness; Frequent respiratory infections:contentReference[oaicite:33]{index=33}:contentReference[oaicite:34]{index=34}","Quit smoking:contentReference[oaicite:35]{index=35}; Avoid pollutants/irritants; Vaccinate (flu, pneumonia); Exercise (pulmonary rehab); Nutrition to maintain weight","Albuterol; Ipratropium; Tiotropium; Fluticasone; Theophylline","Albuterol 2 puffs inhaled every 4–6 hr PRN; Ipratropium 2 puffs inhaled QID; Tiotropium 18 mcg inhalation once daily; Fluticasone/Salmeterol 250/50 mcg inhalation 1 puff BID; Prednisone 40 mg oral daily for 5 days","High-calorie nutrient-rich diet (whole grains, lean protein, fruits); Omega-3 fatty fish; Leafy greens; Nuts/seeds; Plenty of fluids","Smoking; Processed foods high in salt; Dairy (may thicken mucus); Fried and fatty foods; Excess simple carbohydrates"
Stroke,"Facial droop; Arm weakness (one side); Speech difficulty; Sudden vision change; Confusion; Headache (ischemic often painless, hemorrhagic acute):contentReference[oaicite:36]{index=36}","Control BP and diabetes; Quit smoking; Healthy diet (Mediterranean); Exercise; Treat atrial fibrillation (anticoagulation)","Aspirin; Clopidogrel; Atorvastatin; Lisinopril; Anticoagulant (e.g. Warfarin or DOAC)","Aspirin 81 mg oral once daily; Clopidogrel 75 mg oral once daily; Atorvastatin 80 mg oral once daily for 12 weeks; Lisinopril 10 mg oral once daily; Apixaban 5 mg oral BID (if AFib)","Whole grains; Leafy vegetables; Berries; Fatty fish (omega-3); Nuts","High-sodium foods; Saturated fats; Processed meats; Excess sweets; Excess alcohol"
Alzheimer's Disease,"Memory loss (recent events):contentReference[oaicite:37]{index=37}; Difficulty planning/solving problems; Confusion (time/place); Language problems; Misplacing items; Mood/personality changes","Mental stimulation (puzzles, learning):contentReference[oaicite:38]{index=38}; Regular exercise:contentReference[oaicite:39]{index=39}; Healthy diet (low fat, fruits/veg):contentReference[oaicite:40]{index=40}; Social engagement; Control cardiovascular risk factors","Donepezil; Memantine; Rivastigmine; Galantamine; Vitamin E","Donepezil 5 mg oral once daily at bedtime; Memantine 10 mg oral BID; Rivastigmine 9.5 mg transdermal patch weekly; Galantamine 4 mg oral BID; Vitamin E 1000 IU oral once daily","""Mediterranean diet (whole grains, vegetables, fruits):contentReference[oaicite:41]{index=41}; Nuts (walnuts); Leafy greens; Fish (omega-3); Berries (antioxidants)""","High saturated fat (red meat, cheese); Trans fats; Excess sugar; Processed foods; Excess alcohol"
Parkinson's Disease,"Tremor at rest; Bradykinesia (slowness of movement); Muscle rigidity; Postural instability; Masked facial expression","Regular exercise and stretching; Balanced diet with fiber; Sleep hygiene; Physical therapy; Avoid dopamine blockers","Levodopa/Carbidopa; Pramipexole; Ropinirole; Amantadine; Rasagiline","Levodopa/carbidopa 250/25 mg oral TID (start) for 8 weeks; Pramipexole 0.25 mg oral TID (gradually increase); Ropinirole 0.5 mg oral TID; Amantadine 100 mg oral BID; Rasagiline 1 mg oral once daily","High-fiber fruits and vegetables (prevent constipation); Omega-3 fish; Nuts; High-protein foods (evenly spaced); Hydration","Foods high in B6 (pyridoxine) at same time as medication; Aged cheeses (tyramine if on MAO-B inhibitors); Excess sodium; Processed foods; Large protein meals at dinner (can affect levodopa absorption)"
Depression,"Persistent sadness; Loss of interest (anhedonia); Fatigue; Sleep disturbances; Appetite change (weight loss/gain)","Regular physical activity; Healthy sleep routine; Social support; Stress management; Limit alcohol","SSRIs (e.g., Sertraline); SNRIs (e.g., Venlafaxine); Bupropion; Mirtazapine; Cognitive-behavioral therapy (CBT)","Sertraline 50 mg oral once daily for 8 weeks; Venlafaxine XR 37.5 mg oral once daily; Bupropion 150 mg oral BID; Mirtazapine 15 mg oral at bedtime; Refer for psychotherapy","Omega-3 fish (salmon); Folate-rich foods (leafy greens, beans); Whole grains; Lean protein; Fruits (antioxidant-rich)","Caffeine (may worsen anxiety); Excess alcohol; Refined sugars; Junk food; Trans fats"
Anxiety Disorder,"Excessive worry; Restlessness or feeling on edge; Muscle tension; Difficulty concentrating; Sleep disturbances; Irritability","Regular exercise; Mindfulness/relaxation; Adequate sleep; Limit caffeine; Support groups","SSRIs (e.g., Escitalopram); SNRIs (e.g., Duloxetine); Benzodiazepines (short-term, e.g., Lorazepam); Buspirone; Beta-blockers (Propranolol)","Escitalopram 10 mg oral once daily for 8 weeks; Duloxetine 30 mg oral once daily; Lorazepam 1 mg oral as needed (short-term); Buspirone 10 mg oral BID; Propranolol 10 mg oral PRN (performance anxiety)","Herbal teas (chamomile); Whole grains; Fruits and vegetables; Lean proteins; Magnesium-rich foods (nuts, seeds)","Caffeine; High-sugar foods; Excess alcohol; Nicotine; Stimulants (energy drinks)"
Osteoarthritis,"Joint pain (knees, hips, hands); Stiffness (worse in morning); Swelling; Limited range of motion; Crepitus (crackling)","Weight loss (if overweight); Regular low-impact exercise (walking, swimming); Hot/cold therapy; Joint protection techniques; Use assistive devices as needed","Acetaminophen; NSAIDs (Ibuprofen, Naproxen); Topical NSAIDs; Tramadol; Intra-articular corticosteroid","Acetaminophen 500 mg oral QID; Ibuprofen 400 mg oral TID for 4 weeks; Topical diclofenac gel 1% applied to joint BID; Tramadol 50 mg oral TID; Single-dose steroid injection 40 mg IA knee (if indicated)","Weight-bearing exercise (walking, strength training); Omega-3 foods; Fruits and vegetables; Vitamin D and calcium-rich foods; Healthy fats (olive oil)","High-purine foods (if gouty features); High-sodium foods; Saturated fats; Sugary snacks; Excess weight-gain foods"
Rheumatoid Arthritis,"Symmetric joint pain and swelling (hands, wrists, knees); Morning stiffness (>1 hr); Fatigue; Rheumatoid nodules; Low-grade fever","Regular exercise (range-of-motion); Joint protection; Weight control; Smoking cessation; Early rheumatology referral","Methotrexate; Hydroxychloroquine; Sulfasalazine; TNF inhibitors (Etanercept, Adalimumab); Low-dose prednisone","Methotrexate 15 mg once weekly (oral or subcut) for 12 weeks; Hydroxychloroquine 200 mg oral BID; Sulfasalazine 500 mg oral BID; Adalimumab 40 mg SC every 2 weeks; Prednisone 5 mg oral daily (short-term)","Omega-3 fish (anti-inflammatory); Fruits and vegetables; Whole grains; Lean protein; Turmeric/spices (anti-inflammatory)","Processed meats; Refined sugars; Trans fats; Excess alcohol; High-sodium foods"
Osteoporosis,"No early symptoms; Height loss; Kyphosis (hunchback); Fractures from minor trauma (hip, spine, wrist); Back pain (vertebral fracture)","Weight-bearing exercise; Fall prevention (rails, lighting); Adequate calcium and vitamin D; Limit alcohol and tobacco; Bone density screening","Calcium supplements; Vitamin D supplements; Bisphosphonates (Alendronate); Raloxifene; Denosumab","Calcium carbonate 1000 mg oral once daily; Vitamin D3 1000 IU oral once daily; Alendronate 70 mg oral once weekly; Raloxifene 60 mg oral once daily; Denosumab 60 mg SC every 6 months","Calcium-rich foods (dairy, leafy greens); Vitamin D-rich foods (fish, fortified milk); Protein (fish, chicken); Whole grains; Fruits","High-sodium diets; Excess caffeine; Alcohol in excess; Carbonated beverages (cola); Processed foods"
HIV/AIDS,"Fever; Fatigue; Weight loss; Night sweats; Recurrent infections (thrush, pneumonia); Lymphadenopathy","Safe sex practices; Needle exchange programs; Regular HIV testing; Antiretroviral adherence; Vaccinate (HBV, pneumococcus)","Antiretroviral therapy (e.g., Tenofovir/Emtricitabine; Dolutegravir; Darunavir; Raltegravir); Prophylactic antibiotics","Bictegravir/Emtricitabine/Tenofovir 1 tablet daily; Darunavir 800 mg + Ritonavir 100 mg daily; Raltegravir 400 mg BID; Trimethoprim/sulfamethoxazole 160/800 mg daily (PCP prophylaxis); Acyclovir 400 mg oral BID (if HSV prophylaxis)","High-protein diet (for weight maintenance); Fresh fruits and vegetables; Whole grains; Adequate calories; Probiotics (yogurt)","Raw/undercooked meat; Unpasteurized dairy; Excess alcohol; High-sugar processed foods; Tobacco"
Tuberculosis,"Persistent cough (>3 weeks); Hemoptysis (coughing blood); Fever and night sweats; Weight loss; Fatigue:contentReference[oaicite:42]{index=42}","BCG vaccination (in endemic areas); Avoid exposure (mask on patients); Ensure good ventilation; Treat latent TB; Regular screening in high-risk","Rifampin; Isoniazid; Pyrazinamide; Ethambutol; Bedaquiline (for resistant TB)","Rifampin 600 mg oral once daily; Isoniazid 300 mg oral once daily + Pyridoxine 25 mg; Pyrazinamide 1500 mg oral once daily; Ethambutol 1200 mg oral once daily; All drugs for 2 months (RIPE), then Rifampin/Isoniazid for 4 more months:contentReference[oaicite:43]{index=43}","""Nutritious diet (calories for weight gain); Protein-rich foods (meat, eggs); Fresh fruits and vegetables; Whole grains; Foods with iron (spinach, lentils)""","Alcohol (due to liver toxicity with meds); High-fat foods (may worsen liver load); Excess sugar; Unpasteurized dairy (risk of other infection); Spicy foods (may worsen gastritis)"
COVID-19,"Fever; Cough; Shortness of breath; Fatigue; Loss of taste or smell; Headache; Muscle aches:contentReference[oaicite:44]{index=44}","Vaccination; Masking; Hand hygiene; Physical distancing; Ventilation (indoor)","Remdesivir; Dexamethasone; Paxlovid (nirmatrelvir/ritonavir); Monoclonal antibodies (if applicable); Antipyretics","Remdesivir 200 mg IV day1 then 100 mg IV daily for 5 days; Dexamethasone 6 mg oral/IV once daily for 10 days; Paxlovid (nirmatrelvir 300 mg/ritonavir 100 mg) oral BID for 5 days (if high-risk); Azithromycin 500 mg oral daily for 3 days (if bacterial coinfection suspected); Zinc sulfate 220 mg oral once daily (supplement)","""Hydration (water, electrolyte drinks); Vitamin C and D-rich foods; Broths; Soft easy-to-eat foods if weak; Fruits (antioxidants)""","Processed foods; Excess sugar; Alcohol; Dairy (if mucus worsens); Smoking"
Influenza,"Fever; Chills; Cough; Sore throat; Runny nose; Muscle aches; Headache; Fatigue","Annual flu vaccination; Hand washing; Avoid close contact when sick; Healthy lifestyle (sleep, diet); Clean surfaces","Oseltamivir; Zanamivir; Peramivir; Analgesics (acetaminophen); Hydration","Oseltamivir 75 mg oral BID for 5 days:contentReference[oaicite:45]{index=45}; Zanamivir 10 mg inhaled BID for 5 days; Peramivir 600 mg IV once; Acetaminophen 500–650 mg oral Q6hr PRN for fever; Dextromethorphan 30 mg oral QID for cough","Hydration (clear broths, water); Vitamin C foods (citrus fruits); Chicken soup (warm liquids); Soft bland foods; Probiotics (yogurt)","Alcohol (can impair immunity); Tobacco; Excess sugar; Highly processed foods; Raw/undercooked foods"
Pneumonia,"Cough with sputum; Fever; Chills; Chest pain (pleuritic); Shortness of breath; Fatigue","Vaccinate (pneumococcal, influenza); Hand hygiene; Avoid smoking; Healthy nutrition; Treat underlying conditions","Amoxicillin; Azithromycin; Ceftriaxone; Levofloxacin; Doxycycline (atypicals)","Amoxicillin 1 g oral TID for 7 days; Azithromycin 500 mg oral once then 250 mg daily for 4 days; Ceftriaxone 1 g IV daily for 5–7 days; Levofloxacin 750 mg oral once daily for 5 days; Doxycycline 100 mg oral BID for 5 days","Whole grains; Fruits (vitamin C); Lean protein (chicken, fish); Garlic (antimicrobial); Probiotics","Smoking; Alcohol; Dairy (may thicken secretions); Fried fatty foods; Sugary drinks"
Chronic Kidney Disease,"Fatigue; Edema (legs, face); Hypertension; Proteinuria; Uremic symptoms (nausea, anorexia, itching)","Control blood pressure (ACEI/ARB):contentReference[oaicite:46]{index=46}; Control diabetes; Avoid nephrotoxins (NSAIDs); Low-protein diet (if advanced); Stay hydrated","ACE inhibitors (Lisinopril); ARBs (Losartan); Diuretics (Furosemide); Erythropoiesis-stimulating agents; Phosphate binders (Sevelamer)","Lisinopril 10 mg oral once daily; Losartan 50 mg oral once daily; Furosemide 40 mg oral BID; Epoetin alfa 50 IU/kg SC thrice weekly (if anemia); Sevelamer 800 mg oral TID with meals","Low-sodium diet; Adequate calories with lean protein; High-fiber fruits/vegetables; Limit potassium foods (if CKD stage>3); Calcium-rich foods","""High-sodium foods; Processed meats; Potassium-rich foods (bananas, tomatoes if hyperkalemia); Dairy (if phosphate); Excess protein from red meat"""
Liver Cirrhosis,"Fatigue; Jaundice; Ascites (abdominal swelling); Edema (legs); Easy bruising; Hepatic encephalopathy (confusion)","""Avoid alcohol; Hepatitis vaccinations (A,B); Manage body weight; Avoid NSAIDs; Regular screening (ultrasound for HCC)""","Diuretics (Spironolactone); Beta-blockers (Propranolol for varices); Lactulose (encephalopathy); Vitamin K; Antivirals (for hepatitis B/C)","Spironolactone 100 mg oral once daily; Furosemide 40 mg oral once daily; Propranolol 20 mg oral BID; Lactulose 30 mL oral QID (titrate to 2–3 stools/day); Vitamin K 10 mg oral once daily","High-calorie nutrient-rich diet (whole grains, lean protein, fruits); Omega-3 fatty fish; Leafy greens; Nuts/seeds; Plenty of fluids","Smoking; Processed foods high in salt; Dairy (may thicken mucus); Fried and fatty foods; Excess simple carbohydrates"
Hepatitis B,"Many asymptomatic; Fatigue; Jaundice; Abdominal pain; Loss of appetite; Nausea; Dark urine","Vaccination; Safe sex; Avoid sharing needles; Screen high-risk groups; Treat chronic infection","Antivirals (Tenofovir; Entecavir; Lamivudine); Interferon-alpha; Ribavirin (if co-infected HCV); Nutritional supplements","Tenofovir 300 mg oral once daily; Entecavir 0.5 mg oral once daily; Lamivudine 100 mg oral once daily; Peginterferon alfa-2a 180 mcg SC once weekly for 48 weeks; Vitamin D 1000 IU daily","Low-fat diet; Coffee (possibly protective); Foods high in vitamin A/C; Nuts; Whole grains","Alcohol; Raw or undercooked shellfish; Excess salt; High fat foods; Sugary drinks"
Hepatitis C,"Often mild/no early symptoms; Fatigue; Jaundice; Dark urine; Muscle aches; Depression","""Avoid alcohol; Vaccinate for A,B; Safe practices (no needle sharing); Treat with antiviral regimens; Healthy lifestyle""","Direct-acting antivirals (Sofosbuvir; Ledipasvir; Velpatasvir); Ribavirin; Interferon (rare now)","Sofosbuvir/Velpatasvir 400/100 mg oral once daily for 12 weeks; Ledipasvir/Sofosbuvir 90/400 mg oral once daily for 12 weeks; Ribavirin 600 mg oral BID (if indicated); Peginterferon alfa-2a 180 mcg SC once weekly; Vitamin D 1000 IU daily","High-antioxidant foods (berries, leafy greens); Coffee; Lean protein; Whole grains; Adequate hydration","Alcohol; Raw shellfish; Excess sugar; Fried/fast foods; Excess salt"
Hypothyroidism,"Fatigue; Cold intolerance; Weight gain; Constipation; Dry skin; Hair loss; Depression","Levothyroxine therapy adherence; Iodine-sufficient diet; Regular follow-up (TSH levels); Treat autoimmune thyroiditis; Avoid goitrogens if iodine deficient","Levothyroxine; Liothyronine; Desiccated thyroid extract; Calcium supplements (if needed)","Levothyroxine 50–100 µg oral once daily (adjust per TSH); Liothyronine 25 µg oral once daily if needed; Ferrous sulfate (with meals) 325 mg oral once daily (if anemia); Calcium 500 mg oral once daily (if deficiency); Vitamin D 1000 IU oral once daily","Seafood and iodized salt (iodine sources); Whole grains; Fresh fruits and vegetables; Lean protein (poultry); Nuts (selenium source)","Soy (may interfere with absorption); Cruciferous vegetables (in large amounts if iodine-deficient); Excess calcium (with levothyroxine); Iron supplements (separate from thyroid dose); Processed foods high in sodium"
Hyperthyroidism,"Weight loss; Heat intolerance; Palpitations; Tremor; Sweating; Anxiety; Goiter","Regular monitoring; Beta-blockers for symptoms; Radioactive iodine avoidance in pregnancy; Avoid excess iodine (seaweed); Gentle exercise","Methimazole; Propylthiouracil; Beta-blockers (Propranolol); Radioactive iodine therapy; Surgery (thyroidectomy)","Methimazole 10 mg oral TID; Propylthiouracil 50 mg oral QID; Propranolol 20 mg oral QID; Iodine 130 mg oral once daily (Lugol's solution pre-surgery); Calcium 500 mg oral BID (if post-thyroidectomy)","Fresh fruits and vegetables; Whole grains; Lean protein; Dairy (for calcium); Berries (antioxidants)","Iodine-rich foods (iodized salt, kelp); Caffeine (can worsen palpitations); Alcohol; Extremely high-fiber foods (may affect absorption); Excess thyroid hormone supplements"
Iron-Deficiency Anemia,"Fatigue; Pallor; Shortness of breath; Pica (craving ice/dirt); Brittle nails; Headache; Tachycardia","Iron-rich diet; Treat underlying cause (bleeding); Iron supplements adherence; Avoid tea/coffee with meals; Vitamin C to enhance iron absorption","Iron supplements (Ferrous sulfate); Vitamin C; Ferric carboxymaltose (IV iron); Erythropoietin (if CKD); Dietary counseling","Ferrous sulfate 325 mg oral TID (150 mg elemental iron) for 8 weeks; Vitamin C 500 mg oral with each dose; Ferric carboxymaltose 750 mg IV once; Folic acid 1 mg oral once daily (if coexisting folate deficiency); Referral for GI evaluation (if indicated)","Red meat; Leafy greens; Legumes; Fortified cereals; Vitamin C foods (oranges, strawberries)","Tea/coffee with meals; Calcium supplements (2 hr from iron dose); Dairy with iron dose; Phytate-rich foods (unleavened bread); Excess fiber at mealtime"
Sickle Cell Anemia,"Chronic hemolytic anemia; Episodes of pain crisis; Swollen hands/feet; Jaundice; Fatigue; Frequent infections","Hydration; Avoid high altitudes and extreme cold; Pain management plans; Routine vaccines (pneumococcus, meningococcus, influenza); Hydroxyurea therapy","Hydroxyurea; Folic acid; Penicillin prophylaxis (peds); Analgesics (NSAIDs, opioids); L-glutamine","Hydroxyurea 15 mg/kg oral once daily (increase as tolerated) for 12 weeks; Folic acid 1 mg oral once daily; Penicillin VK 125 mg oral BID (children <3) or 250 mg BID (3–5 yr); Ibuprofen 400 mg oral TID PRN for pain; Morphine 10 mg oral Q4h PRN (severe pain)","Folate-rich foods (leafy greens, beans); Adequate protein (meat, legumes); Hydrating fruits (watermelon, cucumber); Balanced diet to prevent obesity; Iron-monitoring diet (tailored)","Excess iron (unless deficient); Dehydrating substances (caffeine); Alcohol (dehydrating); Very cold foods/drinks (may trigger crisis); Sugar-sweetened beverages"
Gout,"Severe joint pain (often big toe); Red, hot, swollen joints; Tophi (chronic urate deposits); Recurrent flares","Limit purine intake; Weight loss if overweight; Limit alcohol (esp. beer):contentReference[oaicite:47]{index=47}; Stay well-hydrated; Treat to target uric acid","Allopurinol; Febuxostat; Colchicine; NSAIDs; Probenecid","Allopurinol 300 mg oral once daily; Febuxostat 40 mg oral once daily; Colchicine 0.6 mg oral BID for 1 week (flare prevention); Ibuprofen 600 mg oral QID (during acute gout) for 5 days; Probenecid 500 mg oral BID (after flare subsides)","Low-purine diet: Dairy products; Complex carbohydrates; Cherries (may reduce attacks); Vitamin C-rich foods; Coffee (moderate intake)","High-purine foods (red meat, organ meats); Seafood (anchovies, sardines); Alcohol (beer, liquor); Sugary drinks (fructose); Shellfish"
Peptic Ulcer Disease,"Epigastric burning pain (improved with food or antacids); Nausea; Heartburn; Bloating; Dark/black stools (bleeding)","Test/treat H. pylori; Avoid NSAIDs and aspirin; Eat small frequent meals; Elevate head of bed (no nighttime reflux); Manage stress","Proton pump inhibitors (Omeprazole); H2 blockers (Ranitidine); Antibiotics (Amoxicillin, Clarithromycin); Misoprostol; Sucralfate","Omeprazole 20 mg oral BID for 4–8 weeks; Clarithromycin 500 mg oral BID × 14 days; Amoxicillin 1 g oral BID × 14 days; Sucralfate 1 g oral QID for 4 weeks; Bismuth subsalicylate 525 mg QID for 2 weeks","Frequent small meals; Lean proteins; Vegetables; Non-acidic fruits; Probiotics (yogurt)","Spicy foods; Coffee/tea (caffeine); Alcohol; High-fat fried foods; Excessive citrus or tomato-based foods"
Gastroesophageal Reflux Disease (GERD),"Heartburn (acid regurgitation); Acid taste in mouth; Chest pain; Dysphagia; Chronic cough","Elevate head of bed; Avoid late meals (3 hr before sleep); Weight loss if needed; Avoid trigger foods (spicy, chocolate, caffeine); Quit smoking","Proton pump inhibitors (Omeprazole); H2 blockers (Famotidine); Antacids; Sucralfate; Prokinetics (Metoclopramide)","Omeprazole 20 mg oral once daily 30 min before breakfast; Famotidine 20 mg oral BID; Calcium carbonate 500 mg chewable QID PRN; Sucralfate 1 g oral QID; Metoclopramide 10 mg oral TID AC (short-term)","Lean proteins; Oatmeal; Non-citrus fruits; Green leafy vegetables; Ginger tea","Spicy foods; Citrus fruits; Chocolate; Caffeine; Alcohol"
Urinary Tract Infection,"Dysuria (painful urination); Urgency and frequency; Suprapubic pain; Hematuria (sometimes); Low back pain","Drink plenty of water; Urinate after intercourse; Proper perineal hygiene; Cranberry products; Avoid holding urine","Trimethoprim/sulfamethoxazole; Nitrofurantoin; Fosfomycin; Ciprofloxacin; Phenazopyridine","Trimethoprim/sulfamethoxazole 160/800 mg oral BID for 3 days; Nitrofurantoin 100 mg oral BID for 5 days; Fosfomycin 3 g oral single dose; Ciprofloxacin 250 mg oral BID for 3 days; Phenazopyridine 200 mg oral TID for 2 days (symptomatic relief)","Plenty of fluids (water); Probiotics (yogurt); Foods rich in vitamin C (fortify urine acidity); High-fiber diet; Cranberry juice (may help)","Caffeine; Alcohol; Spicy foods; Soda; Deli meats (nitrites)"
Kidney Stones (Nephrolithiasis),"Severe flank or back pain (colicky); Hematuria; Nausea/vomiting; Urgency to urinate; Sweating","Hydration (2-3 L/day); Diet low in sodium; Avoid excessive protein; Manage obesity; Strain urine to catch stone","Pain management (NSAIDs, opioids); Alpha-blockers (Tamsulosin); Thiazide diuretics (if recurrent calcium stones); Allopurinol (if uric acid stones); Citrate supplements","Ibuprofen 400 mg oral QID PRN; Oxycodone 5–10 mg oral QID PRN for severe pain; Tamsulosin 0.4 mg oral daily for 4 weeks; Hydrochlorothiazide 25 mg oral once daily (if hypercalciuria); Potassium citrate 10 mEq oral TID","Fluids (water, citrus juices for citrate); Citrus fruits (lemon, orange); Low-oxalate vegetables; Whole grains; Calcium with meals","""High-oxalate foods (spinach, beets, nuts); Excess salt; Animal protein; Sugary drinks (soda); Excess vitamin C supplements"""
Epilepsy,"Recurrent seizures (focal or generalized); Temporary confusion; Uncontrolled jerking movements; Loss of consciousness; Psychic symptoms","Medication adherence; Avoid sleep deprivation; Limit alcohol; Safety measures (helmets, showers); Treat underlying causes","Valproate; Levetiracetam; Lamotrigine; Carbamazepine; Clonazepam","Valproate 500 mg oral BID; Levetiracetam 500 mg oral BID; Lamotrigine 100 mg oral once daily; Carbamazepine 200 mg oral BID; Clonazepam 0.5 mg oral at bedtime","Regular meals; Low-glycemic foods; Adequate hydration; Folate-rich foods (for valproate use); Mediterranean diet","Flashing lights (if photosensitive); Excess caffeine; Alcohol (lowers seizure threshold); Skip medications; Nicotine"
Migraine,"Recurrent headaches (often unilateral, throbbing); Photophobia/phonophobia; Nausea/vomiting; Aura (visual disturbances); Neck stiffness","Regular sleep; Identify and avoid triggers (stress, hunger); Caffeine moderation; Stress reduction; Migraine prophylaxis if frequent","NSAIDs (Ibuprofen); Triptans (Sumatriptan); Anti-nausea (Ondansetron); Beta-blockers (Propranolol); Antidepressants (Amitriptyline)","Sumatriptan 50 mg oral at onset of headache; Ibuprofen 400 mg oral PRN; Ondansetron 4 mg oral as needed; Propranolol 40 mg oral BID (prophylaxis); Amitriptyline 25 mg oral at bedtime (prophylaxis)","Magnesium-rich foods (nuts, whole grains); Riboflavin (Vitamin B2) foods (eggs, lean meats); Hydration; Ginger (for nausea); Balanced regular meals","Aged cheeses; Chocolate; Red wine; Processed meats (nitrites); MSG-containing foods"
Irritable Bowel Syndrome,"Abdominal pain relieved by defecation; Bloating; Altered bowel habits (diarrhea, constipation or both); Gas; Mucus in stool","Dietary fiber adjustment; Low-FODMAP diet; Regular exercise; Manage stress; Adequate hydration","Fiber supplements (Psyllium); Loperamide (if diarrhea); Osmotic laxatives (Polyethylene glycol); Antispasmodics (Hyoscine); Low-dose antidepressant (TCAs, SSRIs)","Psyllium 5 g oral daily; Loperamide 4 mg oral after first stool then 2 mg after each loose stool (max 8 mg/day); Polyethylene glycol 17 g oral daily (if constipation); Hyoscine (Scopolamine) 10 mg oral TID before meals; Amitriptyline 10–25 mg oral at bedtime (if IBS-D)","Low-FODMAP diet (avoid certain carbs); Peppermint tea; Bananas; Rice and oats; Lean proteins (chicken, fish)","High-FODMAP foods (onions, garlic, apples); Caffeine; Alcohol; Fatty fried foods; Artificial sweeteners (sorbitol, mannitol)"
Crohn's Disease,"Abdominal pain (often RLQ); Diarrhea (may be bloody); Weight loss; Fever; Fatigue; Perianal disease (fistulas)","Smoking cessation (prevents flares); Regular follow-up (monitor disease); Nutrition support; Hydration; Vaccinations","5-ASA (Mesalamine); Corticosteroids (Prednisone); Azathioprine; Biologics (Infliximab); Antibiotics (Metronidazole)","Prednisone 40 mg oral once daily (induction) taper; Azathioprine 2 mg/kg oral once daily; Infliximab 5 mg/kg IV at 0,2,6 weeks then every 8 weeks; Metronidazole 500 mg oral TID for 10 days; Nutritional supplement shakes","Low-residue diet during flare; Lean proteins; Vitamin-rich fruits/vegetables (cooked if needed); Probiotics; Small frequent meals","High-fat foods; Dairy (if lactose intolerant); Spicy foods; Alcohol; High-fiber raw foods during flare"
Ulcerative Colitis,"Bloody diarrhea; Abdominal pain (crampy, lower abdomen); Tenesmus (urge to defecate); Weight loss; Fatigue","Regular monitoring; Avoid NSAIDs; Stress management; Complete vaccinations; Emergency care for severe flares","5-ASA (Mesalamine oral/suppository); Corticosteroids (Budesonide, Prednisone); Azathioprine; Biologics (Adalimumab); IV fluids (if severe)","Mesalamine 2.4 g oral daily (maintenance); Budesonide 9 mg oral once daily (induction); Prednisone 40 mg oral once daily taper; Azathioprine 2 mg/kg oral once daily; Adalimumab 160 mg SC at week 0, 80 mg at week 2, then 40 mg every other week","Low-fiber foods during flares; Lean proteins; Hydration (water, electrolyte drinks); Probiotic yogurt; Omega-3 rich foods","High-fiber raw fruits/vegetables (in exacerbation); Spicy foods; Alcohol; Caffeine; High-fat fried foods"
Obesity,"BMI ≥30 kg/m²; Increased waist circumference; Fatigue; Joint pain; Snoring (if sleep apnea)","Calorie-restricted diet; Regular physical activity; Behavioral therapy; Sleep hygiene; Medical evaluation","Orlistat; GLP-1 agonists (Liraglutide); Phentermine; Metformin (if insulin resistance); Bariatric surgery referral (if severe)","Orlistat 120 mg oral TID with meals for 12 weeks; Liraglutide 3.0 mg SC once daily; Phentermine 37.5 mg oral once daily (short-term); Metformin 500 mg oral BID (off-label for weight); Refer for bariatric surgery evaluation","High-protein foods (legumes, chicken); Whole grains; Fruits and vegetables; Healthy fats (avocado, nuts); Water (no-calorie drinks)","Sugary beverages and snacks; Processed fast foods; Excess refined carbs; High-fat fried foods; Alcohol"
Eczema (Atopic Dermatitis),"Itchy, red, inflamed skin; Dry, scaly patches; Lichenification (thick skin); Crusting/oozing (when acute)","Daily moisturization; Avoid irritants (perfumes, soaps); Bleach baths (dilute) for colonization; Manage stress; Topical steroids as prescribed","Topical corticosteroids; Calcineurin inhibitors (Tacrolimus); Antihistamines (Cetirizine); Cyclosporine (severe); Dupilumab","Hydrocortisone 1% cream apply BID; Tacrolimus ointment 0.1% apply BID; Cetirizine 10 mg oral once daily; Cyclosporine 3 mg/kg oral once daily (short-term); Dupilumab 600 mg SC day1, then 300 mg SC every 2 weeks","Lean protein; Vitamin D-rich foods; Probiotics (yogurt); Anti-inflammatory omega-3s; Hydrating fruits/vegetables","Cow's milk (if dairy allergy); Eggs (if allergy); Nuts; Soy (if allergy); High-histamine foods (aged cheese)"
Psoriasis,"Raised red plaques with silvery scales (often elbows/knees); Itching or burning; Nail pitting; Joint pain (psoriatic arthritis)","Moisturize skin daily; Avoid triggers (stress, injury); Sun exposure (moderate); Gently remove scales; Treat infections promptly","Topical corticosteroids; Vitamin D analogs (Calcipotriene); Methotrexate; Biologics (Etanercept, Ustekinumab); Phototherapy","Calcipotriene cream 0.005% apply BID; Clobetasol 0.05% cream apply daily (up to 2 wk); Methotrexate 15 mg oral weekly; Etanercept 50 mg SC weekly; Ustekinumab 45 mg SC at weeks 0 and 4, then every 12 wk","Omega-3 fish; Olive oil; Leafy greens; Turmeric (anti-inflammatory); Whole grains","""Alcohol; Red meat; Dairy (worsening inflammation); Nightshades (tomatoes, peppers in some); Gluten (if sensitivity)"""
Acne,"Pimples (papules, pustules); Blackheads; Whiteheads; Oily skin; Scarring (severe cases)","Gentle skin cleansing; Non-comedogenic products; Avoid picking skin; Diet low in high-glycemic foods; Manage stress","Benzoyl peroxide; Topical retinoids (Tretinoin); Antibiotics (Clindamycin); Oral isotretinoin (severe); Hormonal therapy (oral contraceptives)","Benzoyl peroxide 5% gel apply daily; Tretinoin 0.025% cream apply nightly; Clindamycin 1% gel BID; Isotretinoin 20 mg oral daily for 12 weeks; Oral contraceptive (ethinyl estradiol/norgestimate) daily","Low glycemic index diet; Foods rich in zinc (oysters, pumpkin seeds); Vitamin A foods (carrots, sweet potatoes); Green tea; Hydration","High glycemic foods (sweets, white bread); Dairy (may worsen acne in some); Greasy fried foods; Excess chocolate; High-sugar drinks"
Allergic Rhinitis,"Sneezing; Runny or stuffy nose; Itchy eyes/nose/throat; Watery eyes; Postnasal drip","""Avoid allergens (pollen, dust mites, pet dander); Use air filters; Keep windows closed in high pollen; Nasal saline rinse; Allergy immunotherapy (shots)""","Antihistamines (Cetirizine, Fexofenadine); Intranasal corticosteroids (Fluticasone nasal); Decongestants (pseudoephedrine); Leukotriene inhibitors (Montelukast); Nasal saline sprays","Cetirizine 10 mg oral once daily; Fexofenadine 180 mg oral once daily; Fluticasone nasal spray 2 sprays per nostril daily; Pseudoephedrine 60 mg oral Q4-6hr as needed; Montelukast 10 mg oral once daily","Honey (local raw); Probiotic yogurt; Omega-3 fish; Turmeric (anti-inflammatory); Green tea","Dairy (may increase mucus); Sugar-rich foods; Alcohol; Processed foods; MSG-containing foods"
Chickenpox,"Fever; Itchy vesicular rash starting on face and trunk; Rapid progression to pustules and scabs; Fatigue","Vaccination (Varicella vaccine); Avoid scratching (trim nails); Keep skin clean; Isolation until lesions crust; Oatmeal baths (relief)","Antivirals (Acyclovir); Calamine lotion; Antihistamines (Diphenhydramine); Acetaminophen for fever; Varicella immunoglobulin (for immunocompromised)","Acyclovir 20 mg/kg IV every 8 hr for 7 days (severe); Acyclovir 800 mg oral 5 times/day for 7 days (adult); Calamine lotion topically PRN; Diphenhydramine 25 mg oral Q6hr PRN; Varicella-zoster immune globulin per protocol","Cool baths (oatmeal); Soft bland diet; Hydration (water, juices); Foods rich in vitamins A&C; Balanced diet","Spicy or acidic foods (can irritate mouth sores); Aspirin (Reye's syndrome risk); Caffeine; Alcohol; Heavy fatty foods"
Measles,"High fever; Cough; Coryza (runny nose); Conjunctivitis; Koplik spots (oral); Maculopapular rash (spreads head to toe)","Vaccination (MMR):contentReference[oaicite:48]{index=48}; Isolate from others; Rest and hydration; Nutrition support; Vitamin A supplementation","Supportive care (no specific antiviral); Vitamin A supplementation; Analgesics (acetaminophen for fever); Antibiotics (if secondary infection)","Vitamin A 200,000 IU oral day1 and day2 (in malnourished); Acetaminophen 500 mg oral Q6hr PRN fever; Amoxicillin 500 mg oral TID for 7 days (if otitis media); Dexamethasone 0.15 mg/kg oral daily (severe); Ribavirin (in severe/immunocompromised)","Vitamin A-rich foods (leafy greens, liver); Plenty of fluids; Soft fruits; Lean proteins; Oatmeal (for comfort)","Spicy foods (can irritate lesions); Aspirin in children (Reye’s syndrome risk); Raw milk; Immunocompromised exposure; Undernourished diets"
Malaria,"High fever (cyclic); Chills; Sweating; Headache; Muscle aches; Anemia","Mosquito avoidance (bed nets, repellents); Prophylactic antimalarials when traveling; Screen donors; Early diagnosis/treatment","Artemisinin-based combination therapy (Artemether/Lumefantrine); Chloroquine (sensitive strains); Doxycycline (prophylaxis); Mefloquine (prophylaxis); Primaquine (to clear hypnozoites)","Artemether/Lumefantrine 20/120 mg oral (4 tabs initially then 4 tabs after 8 hr, then 4 tabs BID × days2–3); Chloroquine 600 mg oral base once, then 300 mg at 6, 24, 48 hr; Doxycycline 100 mg oral once daily for 7 days; Mefloquine 250 mg oral once weekly (prophylaxis); Primaquine 30 mg oral once daily for 14 days (P. vivax)","Hydration (oral rehydration solutions); Fruits (bananas); Complex carbs (rice, potatoes); Iron-rich foods (if anemia); Tea (non-caffeinated)","Alcohol; NSAIDs (risk of renal complications); Excess vitamin C (can degrade primaquine); Unpasteurized dairy; Undercooked meat (to avoid other infections)"
Dengue Fever,"High fever; Severe headache; Retro-orbital pain; Muscle and joint pain; Rash (often maculopapular); Low platelet count","Mosquito control (repellents, nets):contentReference[oaicite:49]{index=49}; Early hydration; Monitor for bleeding; Avoid NSAIDs; Rest","Supportive care; Acetaminophen; IV fluids (if dehydration); Platelet transfusion (if severe); Antibiotics (for secondary infections)","Acetaminophen 500 mg oral Q6hr PRN; IV normal saline 5–10 mL/kg/hr during febrile phase; Platelet transfusion per platelet count; Doxycycline 100 mg oral BID for 5 days (if secondary infection); Ondansetron 4 mg oral TID (if nausea)","Hydration (electrolyte drinks); Fruits rich in vitamin C; Broths; Crackers/bread; Balanced diet to maintain strength","NSAIDs (risk of hemorrhage); Aspirin; Alcohol; Caffeine; Salty high-sugar foods"
Shingles (Herpes Zoster),"Painful vesicular rash in dermatomal distribution; Burning or tingling pain; Fever; Headache; Postherpetic neuralgia (chronic pain)","Vaccination (Shingrix) for age>50; Antiviral therapy early; Pain management; Loose clothing; Calamine lotion","Antivirals (Acyclovir, Valacyclovir); Analgesics (NSAIDs); Neuropathic pain meds (Gabapentin, Pregabalin); Topical lidocaine; Corticosteroids (in severe)","Valacyclovir 1 g oral TID for 7 days; Acyclovir 800 mg oral 5 times daily for 7 days; Gabapentin 300 mg oral TID (neuralgia); Lidocaine 5% patch applied to rash BID; Prednisone 60 mg oral daily taper for 7 days","Cool compresses; Oatmeal baths; High-protein foods (repair); Fruits and vegetables; Hydration","Stress; Physical irritants on rash; Spicy foods; Excess sugar; Alcohol"
Lyme Disease,"Erythema migrans rash (bull’s-eye); Fever; Fatigue; Joint pain (large joints); Neurological symptoms (Bell's palsy)","Tick avoidance (repellent clothing); Prompt tick removal; Prophylactic doxycycline if tick attached; Check for coinfections (Babesia)","Doxycycline; Amoxicillin; Cefuroxime; Macrolides (Azithromycin); NSAIDs for pain","Doxycycline 100 mg oral BID for 10–21 days; Amoxicillin 500 mg oral TID for 14–21 days; Cefuroxime 500 mg oral BID for 14–21 days; Azithromycin 500 mg oral on day1, then 250 mg daily for 7 days; ibuprofen 400 mg oral TID PRN","Anti-inflammatory foods (berries, leafy greens); Garlic (antimicrobial); Turmeric; Omega-3 fish; Probiotics","Raw cheese (Listeria risk); Alcohol (can stress liver during treatment); Processed meats; Sugary foods (immune suppression); NSAIDs (used sparingly)"
Breast Cancer,"Breast lump; Nipple discharge or retraction; Skin changes (dimpling); Swollen lymph nodes; Breast pain","Regular screening (mammograms); Self-exams; Limit alcohol; Exercise; Healthy BMI","Tamoxifen; Anastrozole; Letrozole; Chemotherapy (e.g., Doxorubicin); Targeted therapy (Trastuzumab)","Tamoxifen 20 mg oral daily for 5 years; Anastrozole 1 mg oral daily for 5 years; Letrozole 2.5 mg oral daily for 5 years; Trastuzumab 8 mg/kg IV loading dose, then 6 mg/kg every 3 weeks; Doxorubicin 60 mg/m² IV every 21 days for 6 cycles","Cruciferous vegetables; Fruits and vegetables; Whole grains; Omega-3 fish; Green tea","Alcohol; High-fat dairy; Red processed meats; Smoking (risk factor); Excess sugar"
Prostate Cancer,"Urinary hesitancy; Nocturia; Weak urine stream; Erectile dysfunction; Pelvic pain","Regular screening (PSA) for at-risk; Healthy diet (plant-based):contentReference[oaicite:50]{index=50}; Maintain physical activity; Weight control; Limit dairy intake","Androgen deprivation (Leuprolide); Antiandrogens (Bicalutamide); Radiotherapy; Chemotherapy (Docetaxel); Bisphosphonates (Zoledronic acid)","Leuprolide 7.5 mg IM monthly; Bicalutamide 50 mg oral daily; Docetaxel 75 mg/m² IV every 3 weeks; Zoledronic acid 4 mg IV every 4 weeks; Refer for prostatectomy evaluation","Tomatoes (lycopene); Green tea; Cruciferous vegetables; Soy foods (isoflavones); Fish","High-fat dairy; Red meat; Alcohol; Processed foods; Smoking (risk factor)"
Skin Allergy,"Itching, Redness, Swelling, Rash, Dry skin, itchy","Avoid allergens, Use mild soaps, Wear loose clothing, Keep skin hydrated, Avoid scratching","Antihistamines, Hydrocortisone cream, Cetirizine, Diphenhydramine, Calamine lotion","Apply hydrocortisone twice daily, Take antihistamine at night, Use cold compresses, Avoid hot showers, Apply moisturizer after bathing","Include omega-3 fatty acids, Eat vitamin C rich foods, Stay hydrated, Include probiotics, Avoid processed foods","Avoid dairy if allergic, Limit spicy food, Avoid artificial additives, Avoid nuts if sensitive, No shellfish"
Cough,"Dry throat, Chest pain, Sore throat, Mucus production, Hoarseness","Avoid cold drinks, Stay hydrated, Use humidifier, Avoid allergens, Rest properly","Dextromethorphan, Guaifenesin, Benzonatate, Honey lozenges, Bromhexine","Take cough syrup every 6 hours, Steam inhalation twice daily, Gargle with salt water, Drink warm fluids, Avoid smoking","Warm soups, Herbal teas, Honey and lemon, Soft foods, Ginger and turmeric","No cold drinks, Avoid fried foods, No ice creams, Limit sugar, Avoid dairy if phlegm is thick"
Anxiety and Restlessness,"Increased heart rate, Sweating, Nervousness, Irritability, Insomnia","Practice meditation, Get regular sleep, Avoid caffeine, Stay active, Do breathing exercises","Alprazolam, Diazepam, Buspirone, Sertraline, Clonazepam","Take medication as prescribed, Practice daily meditation, Limit screen time before bed, Maintain sleep hygiene, Cognitive Behavioral Therapy (CBT)","Eat whole grains, Include magnesium-rich foods, Herbal teas like chamomile, Omega-3 rich foods, Avoid skipping meals","Avoid caffeine, No alcohol, Limit sugar intake, No spicy food, Avoid processed snacks"
Joint Pain,"Swelling, Stiffness, Redness, Decreased mobility, Aching sensation","Avoid overexertion, Maintain healthy weight, Use joint supports, Do regular light exercise, Apply hot/cold packs","Ibuprofen, Naproxen, Paracetamol, Diclofenac, Glucosamine supplements","Take NSAIDs after meals, Use hot pack morning and night, Gentle physiotherapy, Rest during flare-ups, Use anti-inflammatory gel","Anti-inflammatory foods, Omega-3 fatty acids, Vitamin D rich food, Leafy greens, Turmeric in diet","Avoid red meat, Limit sugar, No fried foods, Avoid alcohol, Cut down on refined carbs"
Weight Loss,"Fatigue, Weakness, Loss of appetite, Low muscle mass, Nutrient deficiency","Monitor diet, Eat frequent small meals, Include high-calorie snacks, Track body weight, Avoid skipping meals","Appetite stimulants, Multivitamins, Cyproheptadine, Megestrol acetate, Zinc supplements","Eat every 3 hours, Include calorie-dense smoothies, Take supplements daily, Regular health checkups, Manage underlying cause","High protein foods, Whole grains, Healthy fats, Smoothies with nuts and seeds, Dairy products","Avoid empty calories, Limit caffeine, No low-fat diets, Avoid skipping meals, No excessive fiber"
